Variance,Skew,Curtosis,Entropy,Intercept
100.0,100.0,100.0,100.0,100.0
-3.4800588326370665,-1.9090101660897232,-2.3378031467592972,-0.27880230906624126,3.508615949148918
0.15068232228526676,0.1279346987519573,0.1095939368823171,0.20201787363905951,0.2764865008160719
-3.908277557721706,-2.2609945380363334,-2.5140633148838387,-0.9155785606357985,2.0613159624172557
-3.5449875039553684,-1.9537011492252796,-2.399317059285801,-0.3734466369842692,3.4352409708029192
-3.4989736419139206,-1.9509433326226848,-2.381663642168877,-0.21587382548075362,3.544965539462475
-3.4056042875344756,-1.8768857866014745,-2.2850833575153198,-0.13844488119651613,3.6353716941329273
-2.8347658638857287,-1.4701188632296016,-1.8936556109568006,0.05730768560451301,4.048915252437998
